frame_id,timestamp,x,y,z,intensity,doppler,classification
0,1733320177.632702970,2.9357268810272217,-1.3089085817337036,1.407302975654602,-1,0.0013176241191104054,0
0,1733320177.632702970,3.269967794418335,-1.4365174770355225,-0.7904420495033264,-17,0.020123714581131935,0
1,1733320177.682940290,3.270914077758789,-1.4372949600219727,-0.7904242873191833,-17,-0.01669277809560299,0
2,1733320177.734856642,2.9396862983703613,-1.3102999925613403,1.4086273908615112,-1,-0.0015143963973969221,0
2,1733320177.734856642,3.273040294647217,-1.4365383386611938,-0.7919031381607056,-17,0.01578131690621376,0
3,1733320177.782413717,3.2757351398468018,-1.438727617263794,-0.7919935584068298,-17,-0.015079660341143608,0
3,1733320177.782413717,6.896909236907959,-2.74147629737854,3.260911703109741,-13,-0.010254795663058758,0
4,1733320177.832546676,2.936675548553467,-1.3089579343795776,1.4075899124145508,-1,0.0012896599946543574,0
4,1733320177.832546676,3.271240234375,-1.436654806137085,-0.7912232279777527,-17,0.019125446677207947,0
5,1733320177.884102036,2.9426865577697754,-1.3121834993362427,1.4106191396713257,-1,0.0030155752319842577,0
5,1733320177.884102036,3.2705650329589844,-1.4353609085083008,-0.7896242737770081,-17,-0.016594238579273224,0
5,1733320177.884102036,153.84451293945312,56.75754165649414,9.416712760925293,-14,-15.806950569152832,0
6,1733320177.932705350,2.1201858520507812,-1.5518041849136353,0.9798900485038757,-15,-0.0040518539026379585,0
6,1733320177.932705350,3.2761919498443604,-1.439195156097412,-0.7918484807014465,-17,0.02008856274187565,0
6,1733320177.932705350,209.269775390625,146.7785186767578,19.247350692749023,0,-21.453426361083984,0
7,1733320177.982876648,2.9407894611358643,-1.3108558654785156,1.4091168642044067,-1,0.0027698026970028877,0
7,1733320177.982876648,3.2798428535461426,-1.4383329153060913,-0.7923253774642944,-17,-0.014141869731247425,0
7,1733320177.982876648,191.48043823242188,-14.612388610839844,-18.763917922973633,-12,13.048818588256836,0
7,1733320177.982876648,154.11349487304688,-194.90338134765625,30.193523406982422,13,-3.8652918338775635,0
8,1733320178.34689338,2.941126823425293,-1.312055230140686,1.409668207168579,-1,-0.001083476236090064,0
8,1733320178.34689338,3.2698616981506348,-1.4365726709365845,-0.7904254794120789,-17,0.019105298444628716,0
9,1733320178.82102969,2.938828945159912,-1.3089697360992432,1.408199667930603,-1,0.0004668854526244104,0
9,1733320178.82102969,3.279895067214966,-1.4402337074279785,-0.7925049066543579,-17,-0.014409877359867096,0
10,1733320178.132732924,2.9409992694854736,-1.3108454942703247,1.4101622104644775,-1,-0.0018551474204286933,0
10,1733320178.132732924,3.2757158279418945,-1.4383318424224854,-0.7927919030189514,-17,0.016589641571044922,0
10,1733320178.132732924,7.383885860443115,-0.47638654708862305,3.249601125717163,-16,0.015344973653554916,0
11,1733320178.184859144,2.0988080501556396,-1.534989833831787,0.9705562591552734,-16,-0.007762703578919172,0
11,1733320178.184859144,3.2770638465881348,-1.4387052059173584,-0.7923538684844971,-17,-0.011778180487453938,0
12,1733320178.232385521,2.1078901290893555,-1.5438774824142456,0.9748280644416809,-16,0.009143641218543053,0
12,1733320178.232385521,3.269954204559326,-1.4354535341262817,-0.7904375195503235,-17,0.021839158609509468,0
12,1733320178.232385521,6.877708911895752,-2.7433342933654785,3.2558298110961914,-14,0.01919643208384514,0
12,1733320178.232385521,255.17059326171875,34.3189582824707,-26.102771759033203,-6,26.44312286376953,0
13,1733320178.282362297,2.9387543201446533,-1.3109896183013916,1.4088340997695923,-1,0.0006875506369397044,0
13,1733320178.282362297,3.278425693511963,-1.4410725831985474,-0.7939584851264954,-17,-0.013840262778103352,0
14,1733320178.334232493,2.941460371017456,-1.3092483282089233,1.409909725189209,-2,-0.001112580532208085,0
14,1733320178.334232493,3.2740564346313477,-1.4373520612716675,-0.7909263372421265,-17,0.017994405701756477,0
15,1733320178.382658760,2.937084913253784,-1.309473991394043,1.4075922966003418,-1,0.00016631749167572707,0
15,1733320178.382658760,3.2735137939453125,-1.434790849685669,-0.7911931276321411,-17,-0.01939074881374836,0
16,1733320178.432555785,3.271059513092041,-1.4350708723068237,-0.7911850214004517,-17,0.021865932270884514,0
17,1733320178.484233100,2.938685178756714,-1.3099002838134766,1.408155918121338,-1,0.0014301182236522436,0
17,1733320178.484233100,3.2725141048431396,-1.4372202157974243,-0.791857123374939,-17,-0.016990279778838158,0
17,1733320178.484233100,213.34591674804688,45.123783111572266,-27.23563575744629,-7,-20.291181564331055,0
18,1733320178.532632004,2.9394450187683105,-1.309005618095398,1.407996416091919,-1,0.000532184203621,0
18,1733320178.532632004,3.271493673324585,-1.4372897148132324,-0.7925394773483276,-17,0.02050207182765007,0
19,1733320178.583137180,2.9399940967559814,-1.309182047843933,1.4086527824401855,-1,0.0019565110560506582,0
19,1733320178.583137180,3.277827501296997,-1.439671277999878,-0.7929672002792358,-17,-0.014546869322657585,0
19,1733320178.583137180,197.12506103515625,-104.00125122070312,4.975362300872803,-8,-5.492810249328613,0
20,1733320178.634635246,2.936638832092285,-1.3100494146347046,1.4077191352844238,-1,0.0013706331374123693,0
20,1733320178.634635246,3.276331901550293,-1.4383838176727295,-0.7922233939170837,-17,0.015474090352654457,0
20,1733320178.634635246,247.34051513671875,136.25160217285156,42.468807220458984,4,-1.5710269212722778,0
21,1733320178.682376299,2.9357187747955322,-1.3093552589416504,1.4073792695999146,-1,-0.0004613460914697498,0
21,1733320178.682376299,3.274808883666992,-1.4370603561401367,-0.791936457157135,-17,-0.017112087458372116,0
21,1733320178.682376299,70.56388092041016,51.80695343017578,-8.680339813232422,-18,17.59933090209961,0
21,1733320178.682376299,125.81791687011719,-180.32723999023438,44.484554290771484,21,15.499951362609863,0
22,1733320178.733053171,2.119844675064087,-1.5501896142959595,0.9786591529846191,-15,-0.0037794148083776236,0
22,1733320178.733053171,2.940929651260376,-1.310666561126709,1.409341812133789,-1,-0.0008287674863822758,0
22,1733320178.733053171,3.2725772857666016,-1.4369536638259888,-0.7916603684425354,-17,0.017862584441900253,0
23,1733320178.784888868,3.2719056606292725,-1.4375488758087158,-0.7910659909248352,-17,-0.014884859323501587,0
24,1733320178.832605086,2.09005069732666,-1.528719425201416,0.9650121331214905,-16,0.020003672689199448,0
24,1733320178.832605086,2.941446542739868,-1.3103077411651611,1.4104477167129517,-1,-7.014357834123075e-05,0
24,1733320178.832605086,3.276829481124878,-1.43942129611969,-0.7926028370857239,-17,0.018039653077721596,0
25,1733320178.882594151,2.939319133758545,-1.3097246885299683,1.409239411354065,-1,0.0014826745027676225,0
25,1733320178.882594151,3.271108627319336,-1.436744213104248,-0.7912973165512085,-17,-0.016908716410398483,0
26,1733320178.934860063,2.9407413005828857,-1.3107701539993286,1.4099948406219482,-1,0.0006005345494486392,0
26,1733320178.934860063,3.272298812866211,-1.4383440017700195,-0.7907053232192993,-17,0.016783807426691055,0
26,1733320178.934860063,7.385436058044434,-0.4813430905342102,3.2536888122558594,-16,0.01752031221985817,0
27,1733320178.982682851,2.102712631225586,-1.5373756885528564,0.9696526527404785,-15,-0.009759921580553055,0
27,1733320178.982682851,2.936856746673584,-1.3091113567352295,1.4075374603271484,-1,-0.0005621887394227087,0
27,1733320178.982682851,3.276076555252075,-1.4382717609405518,-0.7928597331047058,-17,-0.016951870173215866,0
27,1733320178.982682851,105.07394409179688,62.92009353637695,-0.8389855027198792,-17,-23.241737365722656,0
28,1733320179.32862041,2.9406206607818604,-1.3115297555923462,1.4102846384048462,-1,-0.0013078106567263603,0
28,1733320179.32862041,3.2733640670776367,-1.4363480806350708,-0.7905574440956116,-17,0.019136615097522736,0
29,1733320179.84853040,2.940706253051758,-1.3107545375823975,1.4099273681640625,-1,0.001032752450555563,0
29,1733320179.84853040,3.2781941890716553,-1.4390487670898438,-0.7926136255264282,-17,-0.012853254564106464,0
30,1733320179.132718769,2.9399466514587402,-1.31098473072052,1.4094617366790771,-1,-0.00048316866741515696,0
30,1733320179.132718769,3.2744903564453125,-1.4373233318328857,-0.7913836240768433,-17,0.020448625087738037,0
30,1733320179.132718769,223.255859375,133.50486755371094,-32.24425506591797,2,19.544675827026367,0
31,1733320179.183542718,3.2731549739837646,-1.4363218545913696,-0.7908381819725037,-17,-0.01675298623740673,0
31,1733320179.183542718,168.6293487548828,187.58151245117188,42.355979919433594,16,9.829092979431152,0
31,1733320179.183542718,260.0911865234375,87.62371826171875,6.0835089683532715,-7,-12.751453399658203,0
32,1733320179.235107566,2.1045451164245605,-1.541274070739746,0.9723646640777588,-15,0.006076871417462826,0
32,1733320179.235107566,3.2786214351654053,-1.4393547773361206,-0.7920756936073303,-17,0.014937271364033222,0
32,1733320179.235107566,85.29737854003906,-106.91410064697266,-13.627548217773438,0,11.65597915649414,0
33,1733320179.282832418,2.9385335445404053,-1.3106372356414795,1.4079734086990356,-1,0.0008867523283697665,0
33,1733320179.282832418,3.274055004119873,-1.4387774467468262,-0.791936457157135,-17,-0.017694199457764626,0
33,1733320179.282832418,180.1497344970703,47.028804779052734,7.7245402336120605,-12,-4.737829208374023,0
34,1733320179.332506790,2.0991084575653076,-1.5349987745285034,0.9700364470481873,-16,0.013539834879338741,0
34,1733320179.332506790,2.9367265701293945,-1.3095704317092896,1.407871127128601,-1,0.0009598328033462167,0
34,1733320179.332506790,3.2744381427764893,-1.4383708238601685,-0.7921640276908875,-17,0.018852973356842995,0
35,1733320179.383935658,2.079118490219116,-1.5248618125915527,0.9608379602432251,-16,-0.018518321216106415,0
35,1733320179.383935658,3.2756731510162354,-1.4378762245178223,-0.7919982075691223,-17,-0.016091300174593925,0
36,1733320179.432847114,3.275080680847168,-1.4383621215820312,-0.7922003865242004,-17,0.01934567652642727,0
36,1733320179.432847114,127.56929779052734,32.99491882324219,1.0701230764389038,-19,1.8753211498260498,0
36,1733320179.432847114,135.22381591796875,70.27588653564453,3.165700674057007,-14,-17.90139389038086,0
37,1733320179.482800072,3.273355722427368,-1.4371750354766846,-0.7913264632225037,-17,-0.016090041026473045,0
38,1733320179.534854853,2.9383091926574707,-1.3102545738220215,1.4084234237670898,-1,-5.062053969595581e-05,0
38,1733320179.534854853,3.273139715194702,-1.43601655960083,-0.7913655638694763,-17,0.018392128869891167,0
38,1733320179.534854853,204.22412109375,-158.3283233642578,-30.356409072875977,3,17.5367431640625,0
39,1733320179.582683458,3.2756388187408447,-1.437954306602478,-0.7919982075691223,-17,-0.016499344259500504,0
40,1733320179.633752549,3.273366928100586,-1.4360830783843994,-0.7903949618339539,-17,0.01766764000058174,0
41,1733320179.685025403,2.9381508827209473,-1.3096709251403809,1.4076989889144897,-1,0.0008157449192367494,0
41,1733320179.685025403,3.276628255844116,-1.4387030601501465,-0.7918000221252441,-17,-0.01490109134465456,0
42,1733320179.732936191,2.1075427532196045,-1.5464669466018677,0.9762565493583679,-15,0.007548963651061058,0
42,1733320179.732936191,2.9373176097869873,-1.3081066608428955,1.4079986810684204,-1,0.000669895438477397,0
42,1733320179.732936191,3.271435260772705,-1.437051773071289,-0.7907869815826416,-17,0.020555047318339348,0
43,1733320179.783576252,2.1112284660339355,-1.5415220260620117,0.9750068783760071,-16,-0.0024282222148030996,0
43,1733320179.783576252,3.2751998901367188,-1.4383996725082397,-0.7919488549232483,-17,-0.01418444886803627,0
44,1733320179.835359936,2.9390993118286133,-1.3095546960830688,1.4089186191558838,-1,0.0002153758832719177,0
44,1733320179.835359936,3.2706139087677,-1.435078501701355,-0.7900269627571106,-17,0.01757085509598255,0
44,1733320179.835359936,6.875007629394531,-2.742713212966919,3.2493722438812256,-14,0.014740979298949242,0
44,1733320179.835359936,52.969276428222656,90.08306884765625,-1.9734046459197998,-6,-17.35708236694336,0
44,1733320179.835359936,169.4974365234375,168.67947387695312,12.089776039123535,3,13.301657676696777,0
45,1733320179.882812411,3.2733070850372314,-1.4383465051651,-0.7919325232505798,-17,-0.018206791952252388,0
46,1733320179.932731126,2.9407906532287598,-1.3116055727005005,1.409859299659729,-1,-0.0016779241850599647,0
46,1733320179.932731126,3.276909828186035,-1.437637448310852,-0.791250467300415,-17,0.016987472772598267,0
47,1733320179.984848504,2.104295015335083,-1.5416299104690552,0.9724828600883484,-16,-0.007171444594860077,0
47,1733320179.984848504,2.9358105659484863,-1.3094226121902466,1.4071245193481445,-1,0.00028813083190470934,0
47,1733320179.984848504,3.2749032974243164,-1.437139630317688,-0.7914044857025146,-17,-0.015331734903156757,0
47,1733320179.984848504,8.336786270141602,11.94976806640625,3.0406494140625,-19,0.017376286908984184,0
48,1733320180.32905157,2.939074754714966,-1.308754801750183,1.4082597494125366,-1,0.0013037475291639566,0
48,1733320180.32905157,3.271059513092041,-1.4350708723068237,-0.7911850214004517,-17,0.022709086537361145,0
48,1733320180.32905157,170.9630584716797,-36.390220642089844,12.325821876525879,-13,15.68408203125,0
48,1733320180.32905157,186.8943328857422,-36.592796325683594,23.964982986450195,-8,-22.4770450592041,0
49,1733320180.82597860,2.9407169818878174,-1.3107967376708984,1.409685492515564,-1,0.0014617996057495475,0
49,1733320180.82597860,3.273463487625122,-1.437342882156372,-0.7915956974029541,-17,-0.017202002927660942,0
50,1733320180.134788933,2.940384864807129,-1.3114326000213623,1.4101730585098267,-1,-0.0008451587636955082,0
50,1733320180.134788933,3.2750298976898193,-1.4374674558639526,-0.7924361228942871,-17,0.015846727415919304,0
50,1733320180.134788933,106.74043273925781,-105.63650512695312,18.897764205932617,-2,1.2083379030227661,0
51,1733320180.182359555,2.941302537918091,-1.311110258102417,1.4098236560821533,-1,0.002100384794175625,0
51,1733320180.182359555,3.274357557296753,-1.438950777053833,-0.7912691235542297,-17,-0.018332526087760925,0
51,1733320180.182359555,125.6874771118164,52.008182525634766,7.860857963562012,-16,14.555514335632324,0
52,1733320180.233079263,2.940260887145996,-1.3097941875457764,1.4097301959991455,-1,-0.0004961051163263619,0
52,1733320180.233079263,3.27760910987854,-1.4385994672775269,-0.7918035387992859,-17,0.016120463609695435,0
53,1733320180.284942179,2.9393503665924072,-1.3096665143966675,1.4095457792282104,-1,0.0011773122241720557,0
53,1733320180.284942179,3.2717278003692627,-1.4343687295913696,-0.7907004952430725,-17,-0.01606397144496441,0
54,1733320180.332579239,2.9402036666870117,-1.3091468811035156,1.4091863632202148,-1,-0.00022195647761691362,0
54,1733320180.332579239,3.2772440910339355,-1.4393173456192017,-0.7917467355728149,-17,0.017870759591460228,0
55,1733320180.382564480,2.107534646987915,-1.5403025150299072,0.9732804894447327,-15,-0.0052696773782372475,0
55,1733320180.382564480,2.941570520401001,-1.3112297058105469,1.409647822380066,-1,0.00335736689157784,0
55,1733320180.382564480,3.2737584114074707,-1.4370356798171997,-0.7908378839492798,-17,-0.01733287423849106,0
55,1733320180.382564480,260.79412841796875,-67.45551300048828,-0.5183850526809692,-8,9.807467460632324,0
56,1733320180.434212624,2.938408613204956,-1.3092087507247925,1.4084793329238892,-1,0.0006257750792428851,0
56,1733320180.434212624,3.2753376960754395,-1.4381657838821411,-0.7920024394989014,-17,0.017259279265999794,0
57,1733320180.482657757,2.9400601387023926,-1.310800552368164,1.4095757007598877,-1,0.0019803056493401527,0
57,1733320180.482657757,3.273833990097046,-1.4367601871490479,-0.7911540865898132,-17,-0.01851273886859417,0
58,1733320180.532739007,2.9381730556488037,-1.3098851442337036,1.4082016944885254,-1,0.0007747072959318757,0
58,1733320180.532739007,3.2768466472625732,-1.4376097917556763,-0.7915611267089844,-17,0.01661624200642109,0
59,1733320180.584492345,2.9431397914886475,-1.3118946552276611,1.4106473922729492,-1,0.0032884308602660894,0
59,1733320180.584492345,3.27431058883667,-1.4370763301849365,-0.7921621799468994,-17,-0.015408151783049107,0
60,1733320180.632857599,2.1016719341278076,-1.5378862619400024,0.970294713973999,-15,0.008450393564999104,0
60,1733320180.632857599,2.939398765563965,-1.308968186378479,1.40868079662323,-1,-0.00011669127707136795,0
60,1733320180.632857599,3.2800049781799316,-1.4399372339248657,-0.7926870584487915,-17,0.01521848700940609,0
60,1733320180.632857599,164.6069793701172,76.46929931640625,-12.798919677734375,-11,3.2273499965667725,0
61,1733320180.682883099,2.9407546520233154,-1.3108489513397217,1.4095580577850342,-1,0.0022254546638578176,0
61,1733320180.682883099,3.2712173461914062,-1.4353948831558228,-0.789945125579834,-17,-0.01808219403028488,0
62,1733320180.735190375,2.0957236289978027,-1.531274437904358,0.967509925365448,-16,0.01669619232416153,0
62,1733320180.735190375,2.941920757293701,-1.3105041980743408,1.4098105430603027,-1,-0.001234917319379747,0
62,1733320180.735190375,3.2760159969329834,-1.439159870147705,-0.7922284603118896,-17,0.01721992902457714,0
63,1733320180.783756224,2.096487045288086,-1.5354772806167603,0.9696203470230103,-15,-0.00844302587211132,0
63,1733320180.783756224,2.941112518310547,-1.3103870153427124,1.4092636108398438,-1,0.0013829522067680955,0
63,1733320180.783756224,3.2748701572418213,-1.437214970588684,-0.7914044857025146,-17,-0.01706823892891407,0
64,1733320180.834556515,2.942667245864868,-1.3099923133850098,1.4103730916976929,-1,-0.0016646692529320717,0
64,1733320180.834556515,3.276994466781616,-1.438422441482544,-0.7919887900352478,-17,0.016931980848312378,0
65,1733320180.885128017,2.097388505935669,-1.5316005945205688,0.968541145324707,-16,-0.011269958689808846,0
65,1733320180.885128017,2.939235210418701,-1.3106564283370972,1.4088654518127441,-1,0.001534959301352501,0
65,1733320180.885128017,3.2779428958892822,-1.43960440158844,-0.7926121354103088,-17,-0.012700075283646584,0
65,1733320180.885128017,167.35281372070312,-29.222780227661133,-5.0643720626831055,-16,2.89613938331604,0
66,1733320180.932661068,2.938136100769043,-1.30757737159729,1.40777587890625,-1,0.001402745838277042,0
66,1733320180.932661068,3.2767157554626465,-1.4377365112304688,-0.7919179797172546,-17,0.018203742802143097,0
67,1733320180.983167732,2.9413235187530518,-1.3109207153320312,1.4095957279205322,-1,0.0023697614669799805,0
68,1733320181.34670322,2.939723253250122,-1.3101391792297363,1.4090696573257446,-1,7.365046621998772e-05,0
68,1733320181.34670322,3.2730629444122314,-1.4366041421890259,-0.7907053232192993,-17,0.017169056460261345,0
69,1733320181.82570887,2.9408302307128906,-1.3111004829406738,1.4097344875335693,-1,0.0020647954661399126,0
69,1733320181.82570887,3.277270555496216,-1.4380509853363037,-0.7932683825492859,-17,-0.014544734731316566,0
70,1733320181.133117707,2.1213059425354004,-1.550885796546936,0.9804888963699341,-15,-0.00409812992438674,0
70,1733320181.133117707,2.940721035003662,-1.3100553750991821,1.4092507362365723,-1,-0.0002667421940714121,0
70,1733320181.133117707,3.279531717300415,-1.4389721155166626,-0.7936232686042786,-17,0.015228553675115108,0
70,1733320181.133117707,262.3207092285156,136.604248046875,-12.568313598632812,-1,-16.07941246032715,0
71,1733320181.185015370,2.9403905868530273,-1.3109043836593628,1.4095237255096436,-1,0.001490980270318687,0
71,1733320181.185015370,3.278686046600342,-1.43993079662323,-0.7938162088394165,-17,-0.013123382814228535,0
72,1733320181.232838487,2.937974452972412,-1.3088455200195312,1.4081398248672485,-1,0.00035700792795978487,0
72,1733320181.232838487,3.277553081512451,-1.4381861686706543,-0.7922206521034241,-17,0.01777106150984764,0
73,1733320181.283626033,2.115837574005127,-1.5479494333267212,0.9789667725563049,-15,-0.0006315702921710908,0
73,1733320181.283626033,3.2726221084594727,-1.437267541885376,-0.7913255095481873,-17,-0.018371952697634697,0
74,1733320181.335281370,2.1078732013702393,-1.5414766073226929,0.9768314361572266,-15,0.004027083981782198,0
74,1733320181.335281370,2.9409351348876953,-1.3098770380020142,1.4095077514648438,-1,-0.0016130206640809774,0
74,1733320181.335281370,3.2780752182006836,-1.4393678903579712,-0.7928041219711304,-17,0.014987422153353691,0
74,1733320181.335281370,284.008056640625,21.2675724029541,-30.103469848632812,-3,10.105886459350586,0
75,1733320181.382944345,2.9412178993225098,-1.310805320739746,1.409532904624939,-1,0.002584340749308467,0
75,1733320181.382944345,3.2720236778259277,-1.4362741708755493,-0.7902330756187439,-17,-0.01822519116103649,0
76,1733320181.433144702,2.9418785572052,-1.309348702430725,1.410399079322815,-1,-0.0009459435823373497,0
76,1733320181.433144702,3.2727134227752686,-1.4368640184402466,-0.7916800379753113,-17,0.02030378207564354,0
77,1733320181.484478665,2.942476987838745,-1.3121188879013062,1.4111322164535522,-1,0.003505515633150935,0
77,1733320181.484478665,3.274686574935913,-1.4374430179595947,-0.7915735840797424,-17,-0.016586363315582275,0
77,1733320181.484478665,189.62782287597656,193.9373321533203,0.6631288528442383,4,-23.41643714904785,0
78,1733320181.532861962,2.1054868698120117,-1.541111707687378,0.9725736379623413,-15,0.009289335459470749,0
78,1733320181.532861962,2.9383418560028076,-1.3094710111618042,1.4093096256256104,-1,0.00024524109903723,0
78,1733320181.532861962,3.271267890930176,-1.436191439628601,-0.7906299233436584,-17,0.022353393957018852,0
78,1733320181.532861962,169.20962524414062,98.07298278808594,27.97629737854004,-1,-21.352479934692383,0
79,1733320181.582975431,2.9407401084899902,-1.3105820417404175,1.4096564054489136,-1,0.0025792138185352087,0
79,1733320181.582975431,3.2759408950805664,-1.4372506141662598,-0.7906014919281006,-17,-0.016692686825990677,0
79,1733320181.582975431,79.3540267944336,-129.30545043945312,-8.404166221618652,2,-10.365036010742188,0
80,1733320181.635028339,2.9411427974700928,-1.3106857538223267,1.4101911783218384,-1,-0.0006972707342356443,0
80,1733320181.635028339,3.2679858207702637,-1.4365524053573608,-0.7896723747253418,-17,0.020069025456905365,0
80,1733320181.635028339,202.88180541992188,-205.75071716308594,8.41778564453125,4,-21.064268112182617,0
81,1733320181.682932104,2.102755069732666,-1.5381264686584473,0.9715930819511414,-16,-0.010991285555064678,0
81,1733320181.682932104,2.937333583831787,-1.308599591255188,1.407586693763733,-1,0.00019639352103695273,0
81,1733320181.682932104,3.276261806488037,-1.4379942417144775,-0.7934309840202332,-17,-0.016060693189501762,0
82,1733320181.733328319,2.937382936477661,-1.308119773864746,1.4082295894622803,-1,-2.387755739619024e-05,0
82,1733320181.733328319,3.270904779434204,-1.435937762260437,-0.7902552485466003,-17,0.020155644044280052,0
83,1733320181.785240991,3.2765095233917236,-1.4382517337799072,-0.7922011613845825,-17,-0.014154789969325066,0
83,1733320181.785240991,52.64633560180664,-53.28071975708008,-5.28100061416626,-16,-16.588478088378906,0
83,1733320181.785240991,117.67696380615234,-41.237518310546875,-12.932991981506348,-16,12.762901306152344,0
84,1733320181.833158773,2.94016170501709,-1.310787558555603,1.4092086553573608,-1,-0.0014177298871800303,0
84,1733320181.833158773,3.2800822257995605,-1.439802885055542,-0.7933428883552551,-17,0.01482000295072794,0
85,1733320181.883235919,2.937309503555298,-1.3074884414672852,1.4076323509216309,-1,0.0001068488199962303,0
85,1733320181.883235919,3.272592067718506,-1.4372042417526245,-0.7907096147537231,-17,-0.01654078997671604,0
86,1733320181.935227894,2.939492702484131,-1.3104891777038574,1.4090399742126465,-1,-7.631793414475396e-05,0
86,1733320181.935227894,3.2780981063842773,-1.439377784729004,-0.7933684587478638,-17,0.014980120584368706,0
86,1733320181.935227894,199.6208953857422,-58.89246368408203,-14.892146110534668,-10,2.0939624309539795,0
87,1733320181.982684834,2.938197612762451,-1.3091402053833008,1.4082818031311035,-1,0.0002444501151330769,0
87,1733320181.982684834,3.2753593921661377,-1.4386348724365234,-0.7920021414756775,-17,-0.018312649801373482,0
88,1733320182.33178046,2.939889430999756,-1.3098814487457275,1.4096981287002563,-1,0.0008691405528225005,0
88,1733320182.33178046,3.27963924407959,-1.439490556716919,-0.7929458618164062,-17,0.016133422031998634,0
89,1733320182.84966699,3.268505334854126,-1.435329556465149,-0.7898542881011963,-17,-0.017755839973688126,0
90,1733320182.133011205,2.9391701221466064,-1.309278964996338,1.4089990854263306,-1,-0.00029689300572499633,0
90,1733320182.133011205,3.273169755935669,-1.4370250701904297,-0.7904853224754333,-17,0.01864617131650448,0
90,1733320182.133011205,111.64917755126953,-48.893157958984375,14.21150016784668,-14,-15.623793601989746,0
91,1733320182.183080374,2.9375691413879395,-1.3085951805114746,1.4080851078033447,-1,0.000247451156610623,0
91,1733320182.183080374,3.27416729927063,-1.437340497970581,-0.7909013032913208,-17,-0.016786392778158188,0
92,1733320182.235261478,2.9408204555511475,-1.3116536140441895,1.4099305868148804,-1,-0.0010851615807041526,0
92,1733320182.235261478,3.2711687088012695,-1.4351615905761719,-0.790239691734314,-17,0.019026314839720726,0
92,1733320182.235261478,142.9352264404297,-161.3812713623047,5.517516613006592,3,9.48653793334961,0
93,1733320182.282794642,2.1247472763061523,-1.5575824975967407,0.9795528054237366,-15,0.009539302438497543,0
93,1733320182.282794642,2.9397830963134766,-1.3108887672424316,1.4095312356948853,-1,0.0018324271077290177,0
93,1733320182.282794642,3.2745885848999023,-1.4378560781478882,-0.7914044857025146,-17,-0.017407014966011047,0
94,1733320182.333601286,2.1003711223602295,-1.5358080863952637,0.9706330895423889,-15,0.009524445049464703,0
94,1733320182.333601286,3.2786810398101807,-1.4384574890136719,-0.7930787801742554,-17,0.016248974949121475,0
95,1733320182.385342191,2.9427757263183594,-1.3127964735031128,1.4109162092208862,-1,0.002661543432623148,0
95,1733320182.385342191,3.272859573364258,-1.4369832277297974,-0.7907905578613281,-17,-0.0156906396150589,0
96,1733320182.433112112,2.9396021366119385,-1.309108018875122,1.4090402126312256,-1,-0.0008938544779084623,0
96,1733320182.433112112,3.2751331329345703,-1.4385119676589966,-0.7917127013206482,-17,0.019860533997416496,0
97,1733320182.483207236,2.9407382011413574,-1.3113747835159302,1.4096451997756958,-1,0.003493723925203085,0
97,1733320182.483207236,3.2750682830810547,-1.4375301599502563,-0.7916122078895569,-17,-0.016100764274597168,0
98,1733320182.534747418,2.104733467102051,-1.541569471359253,0.9714885354042053,-15,0.00162965664640069,0
98,1733320182.534747418,2.9370083808898926,-1.309418797492981,1.4081088304519653,-1,0.0005750029813498259,0
98,1733320182.534747418,3.277172565460205,-1.4395936727523804,-0.7918035387992859,-17,0.015395054593682289,0
98,1733320182.534747418,219.12875366210938,-140.90992736816406,24.14222526550293,0,11.785815238952637,0
98,1733320182.534747418,239.4649200439453,106.17433166503906,-14.313131332397461,-5,3.636133909225464,0
99,1733320182.582950083,2.9398834705352783,-1.3104432821273804,1.4091880321502686,-1,0.0023982981219887733,0
100,1733320182.633147200,2.9405672550201416,-1.3115441799163818,1.4093027114868164,-1,-0.0003870480868499726,0
100,1733320182.633147200,3.2725448608398438,-1.4367212057113647,-0.7909824252128601,-17,0.019005289301276207,0
101,1733320182.684989425,2.0924344062805176,-1.5334479808807373,0.967800498008728,-16,-0.012876498512923717,0
101,1733320182.684989425,2.9408974647521973,-1.3119547367095947,1.4094570875167847,-1,0.0016502750804647803,0
101,1733320182.684989425,3.2743752002716064,-1.4379509687423706,-0.7921138405799866,-17,-0.015177471563220024,0
102,1733320182.733063790,2.940643787384033,-1.3104969263076782,1.409754991531372,-1,-0.0016952139558270574,0
102,1733320182.733063790,3.2763147354125977,-1.4384452104568481,-0.7925512194633484,-17,0.01787739060819149,0
103,1733320182.783557670,2.9394900798797607,-1.3105101585388184,1.4084851741790771,-1,0.0024712791200727224,0
103,1733320182.783557670,3.27722430229187,-1.4393035173416138,-0.7911831736564636,-17,-0.01437239907681942,0
103,1733320182.783557670,123.85453796386719,79.12117004394531,-7.650113582611084,-13,-15.320172309875488,0
104,1733320182.835370773,2.090818166732788,-1.5312966108322144,0.9663439989089966,-15,0.01118127629160881,0
104,1733320182.835370773,2.9374914169311523,-1.3104262351989746,1.4081271886825562,-1,0.00026009403518401086,0
104,1733320182.835370773,3.2749741077423096,-1.4388188123703003,-0.7916613221168518,-17,0.015445157885551453,0
104,1733320182.835370773,125.64093017578125,150.10240173339844,-4.86998987197876,2,-11.555280685424805,0
105,1733320182.883107347,2.1012446880340576,-1.5370936393737793,0.9703747630119324,-15,-0.00854956079274416,0
105,1733320182.883107347,2.9359617233276367,-1.3095005750656128,1.4069457054138184,-1,0.0002416555944364518,0
105,1733320182.883107347,3.271787643432617,-1.4359691143035889,-0.7908084988594055,-17,-0.01969115622341633,0
106,1733320182.933704789,2.9405107498168945,-1.3101322650909424,1.4099913835525513,-1,-0.00023540743859484792,0
106,1733320182.933704789,3.277446985244751,-1.439002513885498,-0.7922253012657166,-17,0.015934141352772713,0
107,1733320182.985609964,2.941337823867798,-1.3108484745025635,1.4099937677383423,-1,0.0014465682907029986,0
107,1733320182.985609964,3.2767179012298584,-1.4378085136413574,-0.7925763130187988,-17,-0.014802496880292892,0
108,1733320183.33234780,2.941112518310547,-1.3104263544082642,1.4102846384048462,-1,-0.0004775998822879046,0
108,1733320183.33234780,3.272627115249634,-1.4375970363616943,-0.7907053232192993,-17,0.021644826978445053,0
108,1733320183.33234780,130.18809509277344,-15.166666030883789,-20.677934646606445,-12,-20.556129455566406,0
109,1733320183.83411600,2.9400999546051025,-1.3113210201263428,1.4093804359436035,-1,0.0019227988086640835,0
109,1733320183.83411600,3.2732925415039062,-1.4381948709487915,-0.7913579940795898,-17,-0.01796473190188408,0
110,1733320183.135204053,2.0959105491638184,-1.5301036834716797,0.9688743352890015,-15,0.01296310219913721,0
110,1733320183.135204053,2.9414420127868652,-1.3108633756637573,1.4095817804336548,-1,-0.0019781908486038446,0
110,1733320183.135204053,3.275282144546509,-1.4387954473495483,-0.7913030385971069,-17,0.016358334571123123,0
111,1733320183.183027092,2.9408936500549316,-1.3114441633224487,1.40997314453125,-1,0.002443514298647642,0
111,1733320183.183027092,3.270885705947876,-1.4369207620620728,-0.7912213802337646,-17,-0.01903722435235977,0
112,1733320183.233203719,2.129377841949463,-1.557133436203003,0.9832481145858765,-15,-0.0033186734654009342,0
112,1733320183.233203719,2.941159725189209,-1.309181571006775,1.4100817441940308,-1,0.00028211757307872176,0
112,1733320183.233203719,3.2735092639923096,-1.4360988140106201,-0.7918197512626648,-17,0.017806775867938995,0
113,1733320183.285223841,2.938081979751587,-1.3101749420166016,1.4088248014450073,-1,0.00048384242109023035,0
114,1733320183.332976890,2.9401233196258545,-1.3113080263137817,1.4095393419265747,-1,4.635751247406006e-05,0
114,1733320183.332976890,3.2726874351501465,-1.436749815940857,-0.7916646003723145,-17,0.02148008532822132,0
114,1733320183.332976890,156.47119140625,-18.048261642456055,-15.051854133605957,-15,-6.5390849113464355,0
114,1733320183.332976890,179.97845458984375,-58.32085037231445,-1.346420168876648,-12,-15.931408882141113,0
115,1733320183.383953301,2.9412710666656494,-1.3103407621383667,1.409674048423767,-1,0.0017338814213871956,0
115,1733320183.383953301,3.274554967880249,-1.4380297660827637,-0.7912271618843079,-17,-0.015510320663452148,0
115,1733320183.383953301,178.6058807373047,38.14474105834961,33.1402587890625,-4,-4.422920227050781,0
116,1733320183.435499428,2.9395952224731445,-1.311360478401184,1.4089322090148926,-1,-0.0015098379226401448,0
116,1733320183.435499428,3.270663022994995,-1.4375348091125488,-0.7906734943389893,-17,0.01695558987557888,0
116,1733320183.435499428,6.8854804039001465,-2.7360305786132812,3.25653076171875,-13,0.013738978654146194,0
116,1733320183.435499428,87.45653533935547,-64.3091812133789,-10.396439552307129,-14,15.309450149536133,0
117,1733320183.483202201,2.1034793853759766,-1.5409613847732544,0.9719753861427307,-15,-0.0066907345317304134,0
117,1733320183.483202201,2.938533067703247,-1.3106260299682617,1.4087313413619995,-1,0.0015655120369046926,0
117,1733320183.483202201,3.275477886199951,-1.4382940530776978,-0.7921819686889648,-17,-0.015060653910040855,0
118,1733320183.533223070,2.939380645751953,-1.3096799850463867,1.4089521169662476,-1,-0.00025395856937393546,0
118,1733320183.533223070,3.2735493183135986,-1.4377444982528687,-0.791602373123169,-17,0.01826024055480957,0
119,1733320183.584618687,3.277440309524536,-1.4385042190551758,-0.791667640209198,-17,-0.01458243653178215,0
119,1733320183.584618687,6.887869358062744,-2.744307279586792,3.262828826904297,-13,-0.008309850469231606,0
120,1733320183.633039892,2.936818838119507,-1.309865117073059,1.4081631898880005,-1,0.0016003770288079977,0
120,1733320183.633039892,3.273378372192383,-1.4383126497268677,-0.7924553155899048,-17,0.018725072965025902,0
121,1733320183.683081147,6.874264717102051,-2.7415316104888916,3.2561144828796387,-13,-0.015657052397727966,0
122,1733320183.735223008,2.9413912296295166,-1.3111064434051514,1.4099599123001099,-1,-0.0003211379225831479,0
122,1733320183.735223008,3.276980400085449,-1.4392991065979004,-0.7923433184623718,-17,0.015490679070353508,0
122,1733320183.735223008,6.896980285644531,-2.7437491416931152,3.2670485973358154,-13,0.007160812150686979,0
123,1733320183.782979193,2.9364798069000244,-1.3094658851623535,1.4078046083450317,-1,-0.00020121152920182794,0
123,1733320183.782979193,3.273085832595825,-1.436467170715332,-0.7907905578613281,-17,-0.018607255071401596,0
124,1733320183.833574226,2.1183807849884033,-1.549505591392517,0.9779139161109924,-16,-0.0021505539771169424,0
124,1733320183.833574226,2.9419634342193604,-1.3101102113723755,1.4099098443984985,-1,-0.0016263192519545555,0
124,1733320183.833574226,3.2756731510162354,-1.439125895500183,-0.7922490835189819,-17,0.01619468443095684,0
125,1733320183.885388858,2.9369802474975586,-1.3092398643493652,1.4074580669403076,-1,0.0005860511446371675,0
125,1733320183.885388858,3.282194137573242,-1.441286563873291,-0.7932506799697876,-17,-0.01134710293263197,0
126,1733320183.933323043,2.085711717605591,-1.5235092639923096,0.9612693786621094,-15,0.019732074812054634,0
126,1733320183.933323043,2.9442031383514404,-1.3120496273040771,1.4116076231002808,-1,-0.0025055599398911,0
126,1733320183.933323043,3.2754874229431152,-1.4371328353881836,-0.7911502122879028,-17,0.018482450395822525,0
127,1733320183.984046343,2.9392762184143066,-1.3109575510025024,1.4085301160812378,-1,0.001324074692092836,0
127,1733320183.984046343,3.275017023086548,-1.4392001628875732,-0.7912387251853943,-17,-0.016036037355661392,0
128,1733320184.35393856,2.9413373470306396,-1.3113558292388916,1.410236120223999,-1,-0.0008873168262653053,0
128,1733320184.35393856,3.2716987133026123,-1.4364107847213745,-0.7907832860946655,-17,0.017218301072716713,0
129,1733320184.83241210,3.2774503231048584,-1.4381299018859863,-0.7923810482025146,-17,-0.013912400230765343,0
130,1733320184.133470283,2.939621925354004,-1.3092103004455566,1.40835702419281,-1,-0.00031898560700938106,0
130,1733320184.133470283,3.272329568862915,-1.4371538162231445,-0.7905124425888062,-17,0.020111139863729477,0
131,1733320184.185198498,2.940035581588745,-1.3102365732192993,1.4090598821640015,-1,0.0017897983780130744,0
131,1733320184.185198498,3.273000478744507,-1.4375264644622803,-0.7913323640823364,-17,-0.017753880470991135,0
131,1733320184.185198498,71.9683837890625,-110.99917602539062,-0.5315640568733215,-2,-7.553664207458496,0
132,1733320184.233313268,2.9401557445526123,-1.3102458715438843,1.4097177982330322,-1,-0.0020793997682631016,0
132,1733320184.233313268,3.2785627841949463,-1.4392768144607544,-0.7921033501625061,-17,0.017087241634726524,0
133,1733320184.283235241,2.123852014541626,-1.5530365705490112,0.9812261462211609,-15,0.005035035312175751,0
133,1733320184.283235241,2.9405126571655273,-1.3117868900299072,1.4096792936325073,-1,0.002636816818267107,0
133,1733320184.283235241,3.2767820358276367,-1.4380539655685425,-0.7918664813041687,-17,-0.014478594064712524,0
134,1733320184.335523155,2.941514253616333,-1.310906171798706,1.4103282690048218,-1,-0.0019774814136326313,0
134,1733320184.335523155,3.2786412239074707,-1.4396443367004395,-0.7926174998283386,-17,0.014393516816198826,0
134,1733320184.335523155,218.41204833984375,60.99705505371094,1.6358078718185425,-11,3.63082218170166,0
134,1733320184.335523155,201.14263916015625,142.98281860351562,-7.691765308380127,-3,17.009565353393555,0
135,1733320184.383013357,3.2785348892211914,-1.4393510818481445,-0.7924767732620239,-17,-0.01627432554960251,0
135,1733320184.383013357,94.744140625,120.28426361083984,6.5364670753479,1,-6.8413004875183105,0
135,1733320184.383013357,131.9848175048828,80.25882720947266,-3.687804698944092,-12,-21.673870086669922,0
136,1733320184.433528920,2.9386146068573,-1.3095589876174927,1.4084724187850952,-1,0.00017127439787145704,0
136,1733320184.433528920,3.278688669204712,-1.4402596950531006,-0.7931942939758301,-17,0.014992414973676205,0
137,1733320184.485396508,2.9407966136932373,-1.310032844543457,1.4091250896453857,-1,0.0011795127065852284,0
137,1733320184.485396508,3.2756106853485107,-1.4367568492889404,-0.7907698154449463,-17,-0.01378624327480793,0
137,1733320184.485396508,87.7905044555664,61.612247467041016,8.517431259155273,-16,-4.232684135437012,0
138,1733320184.532931289,2.9399619102478027,-1.311236023902893,1.4092086553573608,-1,-0.0006600790657103062,0
138,1733320184.532931289,3.2731857299804688,-1.4376325607299805,-0.7914258241653442,-17,0.02086438052356243,0
138,1733320184.532931289,44.85010528564453,-69.97858428955078,12.579366683959961,-2,-22.930192947387695,0
138,1733320184.532931289,128.17605590820312,14.818102836608887,7.238603591918945,-20,-7.897787570953369,0
139,1733320184.582978970,2.93804669380188,-1.308366060256958,1.40818452835083,-2,0.0013639518292620778,0
139,1733320184.582978970,3.2799201011657715,-1.4404727220535278,-0.7930902242660522,-17,-0.013837391510605812,0
139,1733320184.582978970,6.864871025085449,-2.7308638095855713,3.2466917037963867,-14,-0.01650296151638031,0
139,1733320184.582978970,54.94905090332031,54.64065170288086,-3.49055814743042,-17,25.249338150024414,0
140,1733320184.634670542,2.937016487121582,-1.3085753917694092,1.4078097343444824,-1,0.001466033631004393,0
140,1733320184.634670542,3.27453875541687,-1.4386067390441895,-0.7915076613426208,-17,0.01650153659284115,0
140,1733320184.634670542,55.47087860107422,-52.404541015625,-0.3251030147075653,-19,7.833854675292969,0
141,1733320184.683158370,2.94208025932312,-1.312491774559021,1.4099750518798828,-1,0.0031839231960475445,0
141,1733320184.683158370,3.2708938121795654,-1.4353559017181396,-0.7906656265258789,-17,-0.01875830814242363,0
142,1733320184.733367504,2.0857136249542236,-1.525054931640625,0.9652968645095825,-15,0.01626216247677803,0
142,1733320184.733367504,2.937582492828369,-1.30968177318573,1.4079294204711914,-1,0.0009123276104219258,0
142,1733320184.733367504,3.278660297393799,-1.439436912536621,-0.7917648553848267,-17,0.015678519383072853,0
142,1733320184.733367504,217.0264892578125,-64.92298126220703,23.342052459716797,-5,-14.118776321411133,0
143,1733320184.785133068,2.9430322647094727,-1.3110287189483643,1.409942865371704,-1,0.0023070238530635834,0
143,1733320184.785133068,3.2769949436187744,-1.4392815828323364,-0.7918793559074402,-17,-0.011791514232754707,0
144,1733320184.833148949,2.940401554107666,-1.309607982635498,1.4092464447021484,-1,-0.0015916894190013409,0
144,1733320184.833148949,3.276604413986206,-1.437451958656311,-0.7928938865661621,-17,0.01817825809121132,0
145,1733320184.883819373,2.1124961376190186,-1.5471419095993042,0.9761636257171631,-16,-0.004933130461722612,0
145,1733320184.883819373,3.273944139480591,-1.4371172189712524,-0.7913941144943237,-17,-0.015149290673434734,0
146,1733320184.935444731,2.1011545658111572,-1.5383038520812988,0.9705758094787598,-15,0.012564180418848991,0
146,1733320184.935444731,2.938937187194824,-1.3110649585723877,1.4089206457138062,-1,-7.166930299717933e-05,0
146,1733320184.935444731,3.2771260738372803,-1.43959379196167,-0.7932834625244141,-17,0.014292513951659203,0
146,1733320184.935444731,173.24966430664062,-68.1380386352539,-27.998207092285156,-6,-9.283799171447754,0
147,1733320184.983278132,2.9378652572631836,-1.3098218441009521,1.4079662561416626,-1,0.001563349855132401,0
147,1733320184.983278132,3.2719316482543945,-1.4368497133255005,-0.7907766103744507,-17,-0.018549656495451927,0
148,1733320185.34578048,2.9350013732910156,-1.3055057525634766,1.406204342842102,-1,0.002576759783551097,0
148,1733320185.34578048,3.2780730724334717,-1.4398952722549438,-0.7933627367019653,-17,0.014070812612771988,0
149,1733320185.85779521,2.940323829650879,-1.3114659786224365,1.409140706062317,-1,0.0024899952113628387,0
149,1733320185.85779521,3.272240400314331,-1.4367603063583374,-0.7899484634399414,-17,-0.016795126721262932,0
149,1733320185.85779521,6.17703104019165,4.0730671882629395,3.2538254261016846,-10,-0.009835549630224705,0
150,1733320185.133409408,2.107692003250122,-1.5409702062606812,0.9725146889686584,-15,0.004280461929738522,0
150,1733320185.133409408,2.940861940383911,-1.3111218214035034,1.4098014831542969,-1,-0.0017261981265619397,0
150,1733320185.133409408,3.2737886905670166,-1.4380133152008057,-0.7913028597831726,-17,0.019443616271018982,0
150,1733320185.133409408,6.874563217163086,-2.7362430095672607,3.2504725456237793,-14,0.00940172839909792,0
150,1733320185.133409408,71.55364227294922,50.424564361572266,8.365127563476562,-18,-3.734097719192505,0
151,1733320185.183487356,3.2767176628112793,-1.4391590356826782,-0.7919053435325623,-17,-0.014657453633844852,0
152,1733320185.235402396,2.9383866786956787,-1.3097107410430908,1.408154845237732,-1,0.0005059509421698749,0
152,1733320185.235402396,3.278236150741577,-1.4400609731674194,-0.7923862338066101,-17,0.014630178920924664,0
152,1733320185.235402396,6.85227632522583,-2.744196891784668,3.2503621578216553,-14,0.015599682927131653,0
153,1733320185.283233294,2.9387047290802,-1.310713529586792,1.4081063270568848,-1,0.0023026512935757637,0
153,1733320185.283233294,3.273794412612915,-1.43705153465271,-0.7906607389450073,-17,-0.018533257767558098,0
154,1733320185.333079444,2.9359917640686035,-1.308742880821228,1.4073792695999146,-1,0.0010393538977950811,0
154,1733320185.333079444,3.2714035511016846,-1.4379504919052124,-0.7898383736610413,-17,0.01872660405933857,0
155,1733320185.385003030,2.104987144470215,-1.5403705835342407,0.9700355529785156,-15,-0.0038574780337512493,0
155,1733320185.385003030,3.271930456161499,-1.436972737312317,-0.7907872796058655,-17,-0.014997395686805248,0
155,1733320185.385003030,214.74351501464844,-138.16285705566406,20.709062576293945,-1,15.269514083862305,0
156,1733320185.433047738,2.9341447353363037,-1.3052210807800293,1.4060636758804321,-1,0.00233377399854362,0
156,1733320185.433047738,3.280421018600464,-1.4412651062011719,-0.7927499413490295,-17,0.01790989749133587,0
156,1733320185.433047738,200.23501586914062,-125.8793716430664,-19.574798583984375,-1,-16.392362594604492,0
157,1733320185.483508952,2.10563325881958,-1.5382119417190552,0.9720563888549805,-15,-0.009898321703076363,0
157,1733320185.483508952,2.939750909805298,-1.3099397420883179,1.409197211265564,-1,0.0009254952892661095,0
157,1733320185.483508952,3.2738873958587646,-1.4377086162567139,-0.7906914949417114,-17,-0.015567352995276451,0
158,1733320185.535470845,2.091202735900879,-1.5275691747665405,0.9633540511131287,-15,0.014617682434618473,0
158,1733320185.535470845,2.9386706352233887,-1.308574914932251,1.4085220098495483,-1,0.0003915939887519926,0
158,1733320185.535470845,3.271573305130005,-1.437686800956726,-0.7904998660087585,-17,0.01717262901365757,0
158,1733320185.535470845,118.0225601196289,-117.46163177490234,-12.416302680969238,-3,-5.247096538543701,0
159,1733320185.582938318,2.9362945556640625,-1.309388279914856,1.4072104692459106,-1,-0.0008593318052589893,0
159,1733320185.582938318,3.2760825157165527,-1.4371389150619507,-0.7916434407234192,-17,-0.017147134989500046,0
160,1733320185.633066542,2.937392234802246,-1.3095369338989258,1.4080809354782104,-1,0.00036864736466668546,0
160,1733320185.633066542,3.2753190994262695,-1.4382528066635132,-0.7913552522659302,-17,0.016654185950756073,0
160,1733320185.633066542,6.889509677886963,-2.741569757461548,3.2568533420562744,-14,0.00950428657233715,0
161,1733320185.684499875,2.0976665019989014,-1.5340986251831055,0.9692510366439819,-15,-0.008036291226744652,0
161,1733320185.684499875,2.936908721923828,-1.3099159002304077,1.4078539609909058,-1,0.0004483053053263575,0
161,1733320185.684499875,3.2730064392089844,-1.436923861503601,-0.7894208431243896,-17,-0.01500749308615923,0
162,1733320185.733078199,2.939931869506836,-1.309647560119629,1.409825325012207,-1,-0.002335756551474333,0
162,1733320185.733078199,3.264721393585205,-1.43287992477417,-0.7891016602516174,-17,0.024846361950039864,0
163,1733320185.783032488,3.2734622955322266,-1.4375441074371338,-0.7917064428329468,-17,-0.016957130283117294,0
164,1733320185.835101718,2.9384231567382812,-1.3103216886520386,1.4090890884399414,-1,-0.0004283905145712197,0
164,1733320185.835101718,3.2786829471588135,-1.4387342929840088,-0.7925915718078613,-17,0.01381277572363615,0
164,1733320185.835101718,281.09869384765625,-54.369544982910156,0.5128523111343384,-8,-19.67388916015625,0
165,1733320185.882841503,2.9391422271728516,-1.3095611333847046,1.408481240272522,-2,0.001623154734261334,0
165,1733320185.882841503,3.2682077884674072,-1.4364672899246216,-0.7895704507827759,-17,-0.019363755360245705,0
166,1733320185.933319999,2.937168598175049,-1.3095247745513916,1.4079387187957764,-1,0.0007113427855074406,0
166,1733320185.933319999,3.276089668273926,-1.4402306079864502,-0.7912687063217163,-17,0.01631028577685356,0
167,1733320185.985292037,2.940967321395874,-1.3117191791534424,1.4095957279205322,-1,0.0028175218030810356,0
167,1733320185.985292037,3.2713353633880615,-1.4355497360229492,-0.7901685237884521,-17,-0.015751637518405914,0
168,1733320186.33105488,2.9397404193878174,-1.3100943565368652,1.4096261262893677,-2,-0.0011798820924013853,0
168,1733320186.33105488,3.274038076400757,-1.4374456405639648,-0.7913028597831726,-17,0.01993180438876152,0
169,1733320186.83612427,2.941453218460083,-1.311713695526123,1.4101942777633667,-1,0.0030778395012021065,0
169,1733320186.83612427,3.280850887298584,-1.4407782554626465,-0.7929333448410034,-17,-0.012814994901418686,0
169,1733320186.83612427,6.89012336730957,-2.741931676864624,3.2535390853881836,-14,-0.012104338966310024,0
170,1733320186.135589801,2.9382221698760986,-1.3099881410598755,1.408746361732483,-1,0.0007871592533774674,0
170,1733320186.135589801,3.2835693359375,-1.4412155151367188,-0.7933832406997681,-17,0.012657194398343563,0
170,1733320186.135589801,6.901365756988525,-2.7392778396606445,3.2568728923797607,-13,0.007724510971456766,0
171,1733320186.182750263,2.941880702972412,-1.312371850013733,1.4106346368789673,-1,0.0031289723701775074,0
171,1733320186.182750263,3.277944564819336,-1.4396986961364746,-0.7924345135688782,-17,-0.015410873107612133,0
172,1733320186.233382301,2.9426145553588867,-1.312157392501831,1.4108898639678955,-1,-0.0024764719419181347,0
172,1733320186.233382301,3.27970027923584,-1.4389046430587769,-0.792626678943634,-17,0.016051985323429108,0
173,1733320186.285061633,2.9402358531951904,-1.3101446628570557,1.409275770187378,-1,0.0012493199901655316,0
173,1733320186.285061633,3.2746307849884033,-1.4394044876098633,-0.7921090722084045,-17,-0.013670484535396099,0
173,1733320186.285061633,54.782623291015625,72.58694458007812,-8.659131050109863,-6,-4.337343215942383,0
174,1733320186.333073851,2.9389219284057617,-1.308669090270996,1.4082845449447632,-1,-0.0004007135867141187,0
174,1733320186.333073851,3.2700631618499756,-1.4359164237976074,-0.7904543280601501,-17,0.021263672038912773,0
175,1733320186.383199028,2.9413373470306396,-1.3098968267440796,1.4101283550262451,-1,0.0019047962268814445,0
175,1733320186.383199028,3.2773303985595703,-1.4387893676757812,-0.791903555393219,-17,-0.0141495605930686,0
176,1733320186.435311102,2.9363622665405273,-1.3091448545455933,1.40729558467865,-1,0.0006053475080989301,0
176,1733320186.435311102,3.272892951965332,-1.4375038146972656,-0.7897747159004211,-17,0.017507871612906456,0
177,1733320186.482808939,2.9400362968444824,-1.3110517263412476,1.4088507890701294,-1,0.0019703609868884087,0
177,1733320186.482808939,3.2730133533477783,-1.4369269609451294,-0.7900731563568115,-17,-0.02002304419875145,0
177,1733320186.482808939,132.24917602539062,22.907529830932617,5.215107440948486,-19,-11.135523796081543,0
178,1733320186.533597886,2.1056225299835205,-1.5426275730133057,0.9732938408851624,-15,0.007518794387578964,0
178,1733320186.533597886,2.938405990600586,-1.3102977275848389,1.408368468284607,-1,0.0002041703264694661,0
178,1733320186.533597886,3.277247667312622,-1.4400790929794312,-0.792373776435852,-17,0.01566193625330925,0
179,1733320186.585521080,2.9407660961151123,-1.3113771677017212,1.4092005491256714,-1,0.002428170060738921,0
179,1733320186.585521080,3.278348684310913,-1.4391438961029053,-0.7917689681053162,-17,-0.013452619314193726,0
180,1733320186.633106828,2.936642646789551,-1.3092485666275024,1.4074764251708984,-1,0.0004426761297509074,0
180,1733320186.633106828,3.275745153427124,-1.4377813339233398,-0.7921438813209534,-17,0.01814321056008339,0
181,1733320186.683134396,2.9394614696502686,-1.3110579252243042,1.4091289043426514,-1,0.001870516105554998,0
181,1733320186.683134396,3.271716594696045,-1.4371148347854614,-0.791128396987915,-17,-0.017647530883550644,0
181,1733320186.683134396,108.64510345458984,-62.29728698730469,2.1602625846862793,-16,-17.352275848388672,0
182,1733320186.734890119,2.1187570095062256,-1.5517631769180298,0.9780988693237305,-15,-0.000485189666505903,0
182,1733320186.734890119,2.9384231567382812,-1.3090178966522217,1.408299446105957,-2,-0.0003061315801460296,0
182,1733320186.734890119,3.2753655910491943,-1.4388741254806519,-0.7927690744400024,-17,0.016034362837672234,0
183,1733320186.782928259,2.9374239444732666,-1.3091144561767578,1.407714605331421,-1,-0.00019227202574256808,0
183,1733320186.782928259,3.2764222621917725,-1.4386613368988037,-0.7916616201400757,-17,-0.016349371522665024,0
183,1733320186.782928259,169.403564453125,-153.79148864746094,5.329264163970947,-2,-8.01562786102295,0
184,1733320186.833132675,2.1145384311676025,-1.5476170778274536,0.9762658476829529,-15,0.0029649827629327774,0
184,1733320186.833132675,2.938150644302368,-1.3099350929260254,1.4082016944885254,-1,-9.198499174090102e-05,0
184,1733320186.833132675,3.275031805038452,-1.4383456707000732,-0.7923752069473267,-17,0.017976932227611542,0
185,1733320186.885012953,3.2761318683624268,-1.439225435256958,-0.7918390035629272,-17,-0.015719041228294373,0
186,1733320186.933195010,2.9409067630767822,-1.3103348016738892,1.4104396104812622,-1,-0.0019470155239105225,0
186,1733320186.933195010,3.2780961990356445,-1.4398161172866821,-0.791870653629303,-17,0.016831010580062866,0
186,1733320186.933195010,48.292537689208984,75.36719512939453,-8.835217475891113,-6,-24.485790252685547,0
186,1733320186.933195010,95.88806915283203,39.65532302856445,9.686864852905273,-18,-19.047090530395508,0
186,1733320186.933195010,289.8651428222656,33.33404541015625,12.39907169342041,-5,-24.1718807220459,0
187,1733320186.983478185,2.097853183746338,-1.5356675386428833,0.9681995511054993,-15,-0.009845457971096039,0
187,1733320186.983478185,3.2722599506378174,-1.4380916357040405,-0.7913255095481873,-17,-0.017157111316919327,0
188,1733320187.35423776,2.9404826164245605,-1.3109066486358643,1.4095102548599243,-1,-0.0007837741286493838,0
188,1733320187.35423776,3.277273178100586,-1.439165472984314,-0.7915995717048645,-17,0.015774833038449287,0
188,1733320187.35423776,6.8830108642578125,-2.7410504817962646,3.248628616333008,-14,0.01692289672791958,0
189,1733320187.83106102,2.9398863315582275,-1.3104356527328491,1.409187912940979,-1,0.0014316968154162169,0
189,1733320187.83106102,3.2737467288970947,-1.4365323781967163,-0.7916740775108337,-17,-0.018648963421583176,0
189,1733320187.83106102,6.8751139640808105,-2.7380292415618896,3.2483034133911133,-14,-0.015231619589030743,0
190,1733320187.133822331,2.942328691482544,-1.3117835521697998,1.4107089042663574,-1,-0.001646193559281528,0
190,1733320187.133822331,3.275324583053589,-1.439314365386963,-0.7915439605712891,-17,0.01703222282230854,0
190,1733320187.133822331,147.77806091308594,3.0471932888031006,10.500531196594238,-17,19.64029312133789,0
191,1733320187.185651173,2.9374892711639404,-1.3089094161987305,1.4076533317565918,-1,0.00024143446353264153,0
191,1733320187.185651173,3.2731568813323975,-1.4377474784851074,-0.792034387588501,-17,-0.01487291231751442,0
191,1733320187.185651173,74.44184112548828,-48.988616943359375,5.239995956420898,-19,6.451416969299316,0
192,1733320187.233180589,2.116312026977539,-1.5514487028121948,0.9778354167938232,-16,0.004699032288044691,0
192,1733320187.233180589,2.940631151199341,-1.3099734783172607,1.4097071886062622,-2,-0.0010797232389450073,0
192,1733320187.233180589,3.2761919498443604,-1.439195156097412,-0.7918484807014465,-17,0.017914462834596634,0
192,1733320187.233180589,69.78496551513672,57.11555099487305,8.449498176574707,-15,11.509550094604492,0
193,1733320187.283340193,2.9388914108276367,-1.3107742071151733,1.408748984336853,-1,0.0017351810820400715,0
193,1733320187.283340193,3.276996612548828,-1.438589334487915,-0.7928417921066284,-17,-0.014517921954393387,0
193,1733320187.283340193,6.890209197998047,-2.7351467609405518,3.2584352493286133,-13,-0.010298846289515495,0
193,1733320187.283340193,178.8846893310547,-7.659325122833252,-4.439391613006592,-16,-7.105536460876465,0
193,1733320187.283340193,256.9408874511719,60.000553131103516,7.840044021606445,-7,-0.6185253262519836,0
194,1733320187.335541740,2.9359853267669678,-1.3089255094528198,1.407611608505249,-1,0.000917575613129884,0
194,1733320187.335541740,3.277254343032837,-1.4380046129226685,-0.7913994789123535,-17,0.016151029616594315,0
194,1733320187.335541740,6.876681804656982,-2.7414166927337646,3.2560322284698486,-13,0.016397416591644287,0
195,1733320187.383034353,2.102648973464966,-1.5427240133285522,0.9719220995903015,-16,-0.00667025800794363,0
195,1733320187.383034353,2.940930128097534,-1.3111953735351562,1.409740686416626,-1,0.0028472363483160734,0
195,1733320187.383034353,3.276630401611328,-1.437690019607544,-0.7919895052909851,-17,-0.016362039372324944,0
196,1733320187.433216839,2.936490058898926,-1.30861234664917,1.4067453145980835,-1,0.0003890991793014109,0
196,1733320187.433216839,3.2786171436309814,-1.4393235445022583,-0.7917926907539368,-17,0.016029061749577522,0
197,1733320187.485298375,2.939387798309326,-1.3107243776321411,1.4090399742126465,-1,0.0012880590511485934,0
197,1733320187.485298375,3.273320198059082,-1.4376676082611084,-0.7915027141571045,-17,-0.015663567930459976,0
197,1733320187.485298375,175.2036590576172,-37.34940719604492,3.1963107585906982,-15,-21.569921493530273,0
198,1733320187.533179919,2.940053701400757,-1.3091907501220703,1.409438133239746,-1,-0.0010273613734170794,0
198,1733320187.533179919,3.2780680656433105,-1.440061330795288,-0.7927247285842896,-17,0.017084024846553802,0
198,1733320187.533179919,200.79388427734375,8.700552940368652,20.21309471130371,-10,5.327783107757568,0
199,1733320187.583669344,2.9407753944396973,-1.310831904411316,1.409867286682129,-1,0.0017691198736429214,0
199,1733320187.583669344,3.2762553691864014,-1.4389806985855103,-0.7915166020393372,-17,-0.015182281844317913,0
200,1733320187.635712221,2.9424288272857666,-1.3121027946472168,1.4105525016784668,-1,-0.002177230082452297,0
200,1733320187.635712221,3.2778384685516357,-1.4399806261062622,-0.7926709651947021,-17,0.014534925110638142,0
201,1733320187.683475898,2.9380056858062744,-1.3091278076171875,1.407999873161316,-1,0.001394637394696474,0
201,1733320187.683475898,3.2729034423828125,-1.4365922212600708,-0.7905324101448059,-17,-0.019430991262197495,0
201,1733320187.683475898,108.98452758789062,90.30269622802734,9.709695816040039,-7,11.832818984985352,0
202,1733320187.733648143,2.1256844997406006,-1.5568872690200806,0.9799906611442566,-15,-0.0028935314621776342,0
202,1733320187.733648143,2.9399025440216064,-1.310110092163086,1.4087306261062622,-1,-0.000512074853759259,0
202,1733320187.733648143,3.2732367515563965,-1.4378303289413452,-0.7910819053649902,-17,0.01793495938181877,0
202,1733320187.733648143,40.8540153503418,59.10563278198242,2.070512294769287,-12,14.365878105163574,0
202,1733320187.733648143,51.848968505859375,-75.00715637207031,-1.8941518068313599,-7,-6.575676918029785,0
203,1733320187.784982637,2.9364147186279297,-1.3089314699172974,1.4074809551239014,-1,-6.672382005490363e-05,0
203,1733320187.784982637,3.2796897888183594,-1.4414618015289307,-0.7922465205192566,-17,-0.013123992830514908,0
203,1733320187.784982637,159.21356201171875,50.85694885253906,10.004751205444336,-13,-15.895831108093262,0
204,1733320187.833643162,3.2782483100891113,-1.4392863512039185,-0.792692244052887,-17,0.01750498265028,0
204,1733320187.833643162,109.63545227050781,139.87567138671875,-3.691823720932007,3,5.920559406280518,0
205,1733320187.883478321,2.115790843963623,-1.5502310991287231,0.976060688495636,-15,0.003990004304796457,0
205,1733320187.883478321,2.9372565746307373,-1.3093067407608032,1.4075804948806763,-1,0.00021358439698815346,0
205,1733320187.883478321,3.270576238632202,-1.4350426197052002,-0.7901554703712463,-17,-0.019060086458921432,0
206,1733320187.935611990,2.1185407638549805,-1.5528792142868042,0.9780479073524475,-15,-0.0019582705572247505,0
206,1733320187.935611990,2.936274766921997,-1.3095993995666504,1.4074428081512451,-1,0.0007681147544644773,0
206,1733320187.935611990,3.2746405601501465,-1.4383752346038818,-0.7915076613426208,-17,0.017264293506741524,0
206,1733320187.935611990,206.2111358642578,215.88316345214844,2.0270824432373047,6,-0.867874026298523,0
207,1733320187.983488861,2.9390223026275635,-1.310572624206543,1.4086637496948242,-1,0.0020024662371724844,0
207,1733320187.983488861,3.2742717266082764,-1.4385733604431152,-0.7915900945663452,-17,-0.01599017344415188,0
208,1733320188.33916741,2.9376986026763916,-1.309226632118225,1.4080469608306885,-1,0.00047870128764770925,0
208,1733320188.33916741,3.27272367477417,-1.4375455379486084,-0.7900695204734802,-17,0.01873178966343403,0
209,1733320188.85423658,2.1090593338012695,-1.5425938367843628,0.9746280312538147,-15,0.0013871494447812438,0
209,1733320188.85423658,3.2705271244049072,-1.4352192878723145,-0.7904863357543945,-17,-0.017103303223848343,0
209,1733320188.85423658,85.27373504638672,144.0144805908203,21.28106117248535,7,-2.4186956882476807,0
210,1733320188.133721712,3.2769665718078613,-1.4393969774246216,-0.7923957705497742,-17,0.016943300142884254,0
211,1733320188.184314819,2.1179141998291016,-1.5498301982879639,0.978230893611908,-15,0.0035298762377351522,0
211,1733320188.184314819,3.2764649391174316,-1.4385619163513184,-0.7921267151832581,-17,-0.01459914818406105,0
212,1733320188.236046365,2.1118035316467285,-1.5463205575942993,0.975119948387146,-15,0.004822134040296078,0
212,1733320188.236046365,2.9376778602600098,-1.3096801042556763,1.4086765050888062,-1,0.0008064133580774069,0
212,1733320188.236046365,3.270599842071533,-1.435996174812317,-0.7907095551490784,-17,0.017942698672413826,0
212,1733320188.236046365,153.42515563964844,23.531200408935547,0.14277832210063934,-18,2.529522657394409,0
212,1733320188.236046365,146.44955444335938,173.76800537109375,-28.278636932373047,9,-20.545461654663086,0
213,1733320188.283215934,2.10844087600708,-1.5457912683486938,0.973762035369873,-15,-0.000663035549223423,0
213,1733320188.283215934,3.275573968887329,-1.4382976293563843,-0.7916434407234192,-17,-0.015496782958507538,0
213,1733320188.283215934,80.78260040283203,-117.7047119140625,-4.034299850463867,0,25.468856811523438,0
214,1733320188.333648675,3.2720727920532227,-1.4355583190917969,-0.7907832860946655,-17,0.01867145486176014,0
215,1733320188.385237327,2.0929839611053467,-1.53598153591156,0.9678371548652649,-16,-0.01043602917343378,0
215,1733320188.385237327,3.2726709842681885,-1.4373037815093994,-0.790966808795929,-17,-0.015737781301140785,0
216,1733320188.433609724,3.2770519256591797,-1.4393305778503418,-0.7927795648574829,-17,0.018136288970708847,0
217,1733320188.483474318,3.2727291584014893,-1.439207911491394,-0.7911481261253357,-17,-0.016669539734721184,0
218,1733320188.535850913,2.9392166137695312,-1.3098608255386353,1.4094758033752441,-1,0.00020256366406101733,0
218,1733320188.535850913,3.2781550884246826,-1.4398629665374756,-0.7927247285842896,-17,0.013985217548906803,0
218,1733320188.535850913,143.10011291503906,42.54613494873047,-14.662348747253418,-15,-6.874211311340332,0
219,1733320188.583383554,2.1481456756591797,-1.5712116956710815,0.993754506111145,-16,0.017994828522205353,0
219,1733320188.583383554,3.2742972373962402,-1.4387102127075195,-0.7912354469299316,-17,-0.017404263839125633,0
219,1733320188.583383554,87.27306365966797,-124.7330093383789,-10.734966278076172,3,-8.208911895751953,0
220,1733320188.634199178,2.086488962173462,-1.5276607275009155,0.9628332257270813,-16,0.018113447353243828,0
220,1733320188.634199178,2.9399232864379883,-1.3106812238693237,1.4092464447021484,-1,-0.0010094181634485722,0
220,1733320188.634199178,3.2785940170288086,-1.439376950263977,-0.7917926907539368,-17,0.014618853107094765,0
221,1733320188.685916770,3.271716833114624,-1.4373279809951782,-0.7917049527168274,-17,-0.014905043877661228,0
222,1733320188.733552269,3.275218963623047,-1.439288854598999,-0.79212486743927,-17,0.018487416207790375,0
222,1733320188.733552269,121.65998840332031,-28.404624938964844,-20.950496673583984,-11,-8.462656021118164,0
222,1733320188.733552269,117.52333068847656,90.32811737060547,8.566082954406738,-9,-20.215030670166016,0
222,1733320188.733552269,278.4518127441406,-102.39791107177734,8.693279266357422,-5,-19.772811889648438,0
223,1733320188.783633394,3.278700590133667,-1.4399372339248657,-0.7926089763641357,-17,-0.013628186658024788,0
223,1733320188.783633394,170.83287048339844,30.51409339904785,-2.837876319885254,-16,10.51214599609375,0
224,1733320188.835303398,2.941436290740967,-1.3105705976486206,1.4101864099502563,-1,-0.0009977795416489244,0
224,1733320188.835303398,3.278256893157959,-1.4401443004608154,-0.7917926907539368,-17,0.014565851539373398,0
225,1733320188.883600876,2.939051628112793,-1.3108717203140259,1.4083237648010254,-1,0.00066068657906726,0
225,1733320188.883600876,3.277714967727661,-1.4404890537261963,-0.7919463515281677,-17,-0.01597430743277073,0
225,1733320188.883600876,104.15023803710938,162.78648376464844,18.247182846069336,9,27.19373893737793,0
226,1733320188.933628973,2.9371278285980225,-1.3094348907470703,1.4076533317565918,-1,0.00045745912939310074,0
226,1733320188.933628973,3.2774770259857178,-1.4391611814498901,-0.792617917060852,-17,0.01591896452009678,0
227,1733320188.985619197,2.9372050762176514,-1.309240460395813,1.4080544710159302,-2,0.0005793028394691646,0
227,1733320188.985619197,3.27046275138855,-1.4370368719100952,-0.7910531759262085,-17,-0.016965802758932114,0
227,1733320188.985619197,183.73678588867188,-232.52944946289062,-46.4610595703125,19,-15.015925407409668,0
228,1733320189.33671273,2.9406015872955322,-1.3107978105545044,1.409183382987976,-1,-0.0010090844007208943,0
228,1733320189.33671273,3.2764205932617188,-1.4385957717895508,-0.7912831902503967,-17,0.019143495708703995,0
228,1733320189.33671273,52.59840393066406,53.06221389770508,4.959885597229004,-16,3.1156387329101562,0
229,1733320189.84101254,2.940643072128296,-1.3115849494934082,1.4094420671463013,-1,0.002234895946457982,0
229,1733320189.84101254,3.2710208892822266,-1.4381331205368042,-0.7907527685165405,-17,-0.01718677021563053,0
229,1733320189.84101254,225.9496307373047,-159.28805541992188,0.7361015677452087,-3,0.5357502102851868,0
230,1733320189.135813654,2.9393908977508545,-1.3104438781738281,1.4087380170822144,-1,-0.0009060599841177464,0
230,1733320189.135813654,3.272765874862671,-1.4370365142822266,-0.7907298803329468,-17,0.01809633895754814,0
231,1733320189.183353329,2.9400503635406494,-1.3105521202087402,1.408919334411621,-1,0.0018690150463953614,0
231,1733320189.183353329,3.2723522186279297,-1.438029170036316,-0.790966808795929,-17,-0.018144290894269943,0
232,1733320189.233999586,2.9417173862457275,-1.3094298839569092,1.4095888137817383,-2,-0.0010815121931955218,0
232,1733320189.233999586,3.27282452583313,-1.436780571937561,-0.7909514307975769,-17,0.018209373578429222,0
233,1733320189.285949736,2.939296245574951,-1.3106836080551147,1.408742904663086,-2,0.0010834571439772844,0
233,1733320189.285949736,3.269871711730957,-1.435843825340271,-0.7902697324752808,-17,-0.016526322811841965,0
234,1733320189.333779837,2.940613031387329,-1.3099510669708252,1.409392237663269,-1,-0.0008508862229064107,0
234,1733320189.333779837,3.274456262588501,-1.4387320280075073,-0.7924788594245911,-17,0.018306849524378777,0
234,1733320189.333779837,99.8189468383789,37.070831298828125,9.841192245483398,-19,-16.2718563079834,0
234,1733320189.333779837,107.78091430664062,48.114688873291016,-16.761831283569336,-12,-19.17050552368164,0
234,1733320189.333779837,218.83493041992188,-97.03014373779297,-4.972679138183594,-7,-2.8546018600463867,0
235,1733320189.383839193,2.9367191791534424,-1.3090672492980957,1.4068167209625244,-1,-0.0007497129263356328,0
235,1733320189.383839193,3.2722959518432617,-1.4381074905395508,-0.7911482453346252,-17,-0.016384953632950783,0
236,1733320189.435676725,2.9407408237457275,-1.3116216659545898,1.4095888137817383,-1,-0.0017040519742295146,0
236,1733320189.435676725,3.2720017433166504,-1.43576180934906,-0.7907869815826416,-17,0.017807625234127045,0
237,1733320189.483737406,2.93764591217041,-1.3094369173049927,1.4079618453979492,-1,0.0007615264621563256,0
237,1733320189.483737406,3.2759292125701904,-1.4379444122314453,-0.7912653684616089,-17,-0.016355400905013084,0
237,1733320189.483737406,93.98445892333984,80.4898452758789,-6.027554988861084,-12,10.22309398651123,0
237,1733320189.483737406,136.2112274169922,-111.16087341308594,-27.172250747680664,1,-4.477801322937012,0
238,1733320189.533737077,2.1020519733428955,-1.5373668670654297,0.970294713973999,-16,0.01134918536990881,0
238,1733320189.533737077,2.94112229347229,-1.3112599849700928,1.4098798036575317,-1,-0.0012529500527307391,0
238,1733320189.533737077,3.270442008972168,-1.4364274740219116,-0.7906230092048645,-17,0.021575557067990303,0
239,1733320189.585884972,2.9378440380096436,-1.3100687265396118,1.4081028699874878,-1,0.0007644350407645106,0
239,1733320189.585884972,3.2750561237335205,-1.4376052618026733,-0.7911513447761536,-17,-0.014071520417928696,0
239,1733320189.585884972,143.93197631835938,-5.752151012420654,13.821974754333496,-17,11.916512489318848,0
239,1733320189.585884972,101.26226806640625,-107.43450927734375,7.867779731750488,-5,22.9797306060791,0
239,1733320189.585884972,207.79559326171875,48.47890090942383,-22.131006240844727,-8,0.587125301361084,0
240,1733320189.633320638,2.938800573348999,-1.3110136985778809,1.408552646636963,-1,0.0008627691422589123,0
240,1733320189.633320638,3.2750706672668457,-1.4371888637542725,-0.7909777760505676,-17,0.020465148612856865,0
240,1733320189.633320638,147.6318817138672,90.55712890625,4.99087381362915,-9,-12.008583068847656,0
241,1733320189.683781470,3.2696921825408936,-1.4370813369750977,-0.7905292510986328,-17,-0.018241047859191895,0
241,1733320189.683781470,265.0779724121094,-69.26529693603516,1.1406946182250977,-7,-18.615802764892578,0
242,1733320189.735859151,2.944955348968506,-1.3123959302902222,1.411919355392456,-1,-0.004049793351441622,0
242,1733320189.735859151,3.2794525623321533,-1.439719796180725,-0.7933011054992676,-17,0.014499463140964508,0
243,1733320189.783708294,2.935861825942993,-1.3094455003738403,1.4069968461990356,-1,0.00024310413573402911,0
243,1733320189.783708294,3.2723920345306396,-1.4382543563842773,-0.7904837131500244,-17,-0.01971484161913395,0
244,1733320189.833727039,2.1041276454925537,-1.537843108177185,0.9714453816413879,-15,0.00997078325599432,0
244,1733320189.833727039,2.9397776126861572,-1.3111920356750488,1.409633755683899,-1,-0.0006498648435808718,0
244,1733320189.833727039,3.2707905769348145,-1.4378480911254883,-0.790634274482727,-17,0.02087613381445408,0
245,1733320189.885193401,2.103968858718872,-1.541798710823059,0.9729208946228027,-15,-0.004611609969288111,0
245,1733320189.885193401,3.2720725536346436,-1.4381276369094849,-0.7920345067977905,-17,-0.016551516950130463,0
246,1733320189.933701675,2.9406559467315674,-1.3115837574005127,1.4098014831542969,-1,-0.0009247909765690565,0
246,1733320189.933701675,3.272963285446167,-1.4361722469329834,-0.79078608751297,-17,0.020262831822037697,0
247,1733320189.983775848,2.114081859588623,-1.548799991607666,0.9775071144104004,-15,0.0004969152505509555,0
247,1733320189.983775848,2.9410758018493652,-1.3120324611663818,1.409795880317688,-1,0.001993834041059017,0
247,1733320189.983775848,3.27752685546875,-1.440303087234497,-0.7929624915122986,-17,-0.015782848000526428,0
247,1733320189.983775848,183.12960815429688,67.30044555664062,0.33531466126441956,-12,-25.07933235168457,0
248,1733320190.35826706,3.2723324298858643,-1.4369020462036133,-0.7920708656311035,-17,0.018174337223172188,0
249,1733320190.83598267,2.9397270679473877,-1.3111729621887207,1.4086474180221558,-1,0.00231874268501997,0
249,1733320190.83598267,3.279827356338501,-1.440781831741333,-0.7929125428199768,-17,-0.014024832285940647,0
249,1733320190.83598267,199.18927001953125,153.788818359375,6.239477157592773,-2,-25.579242706298828,0
250,1733320190.134107384,2.1095476150512695,-1.542313575744629,0.9752518534660339,-15,0.005793390329927206,0
250,1733320190.134107384,2.9387199878692627,-1.3100075721740723,1.4083919525146484,-1,6.850795762147754e-05,0
250,1733320190.134107384,3.2774007320404053,-1.4393160343170166,-0.7923368811607361,-17,0.0163436159491539,0
251,1733320190.185776125,2.941352605819702,-1.3096896409988403,1.4093879461288452,-1,0.002048816066235304,0
251,1733320190.185776125,3.2810938358306885,-1.439599633216858,-0.7934368252754211,-17,-0.012904522009193897,0
252,1733320190.233671729,2.939893960952759,-1.3112174272537231,1.4091781377792358,-2,-0.0005787574336864054,0
252,1733320190.233671729,3.2707860469818115,-1.4378582239151,-0.790634274482727,-17,0.020961083471775055,0
253,1733320190.283996990,2.9422810077667236,-1.311132788658142,1.4097117185592651,-1,0.004053953569382429,0
253,1733320190.283996990,3.279818058013916,-1.439914345741272,-0.7932061553001404,-17,-0.01195845939218998,0
254,1733320190.335940251,3.2704174518585205,-1.4369001388549805,-0.7905206680297852,-17,0.018752839416265488,0
255,1733320190.383316801,2.9437623023986816,-1.3129582405090332,1.4108827114105225,-1,0.004071341827511787,0
255,1733320190.383316801,3.2721760272979736,-1.436434268951416,-0.790463924407959,-17,-0.01876971498131752,0
256,1733320190.433496769,2.9390454292297363,-1.3094003200531006,1.408616542816162,-1,0.000126651517348364,0
256,1733320190.433496769,3.2758641242980957,-1.4395051002502441,-0.7922284603118896,-17,0.01666673645377159,0
257,1733320190.485310227,3.273043155670166,-1.4375451803207397,-0.7919468283653259,-17,-0.01592649705708027,0
257,1733320190.485310227,216.27783203125,-55.29636001586914,-20.40484619140625,-7,7.078578472137451,0
258,1733320190.533440604,2.9396843910217285,-1.3114079236984253,1.4094324111938477,-1,-9.657282498665154e-05,0
258,1733320190.533440604,3.2738752365112305,-1.4372711181640625,-0.7912543416023254,-17,0.0197588000446558,0
259,1733320190.583500369,2.940401792526245,-1.3114739656448364,1.4089707136154175,-1,0.0025790545623749495,0
259,1733320190.583500369,3.2723631858825684,-1.4379316568374634,-0.7910997271537781,-17,-0.017376724630594254,0
260,1733320190.635686756,2.9378550052642822,-1.3095651865005493,1.4081697463989258,-2,0.0007069137645885348,0
260,1733320190.635686756,3.272329330444336,-1.4365015029907227,-0.7904544472694397,-17,0.016907714307308197,0
260,1733320190.635686756,223.61270141601562,98.65394592285156,-17.53586196899414,-6,-17.538978576660156,0
260,1733320190.635686756,250.18301391601562,157.5623016357422,-12.890870094299316,-1,0.9841902852058411,0
261,1733320190.683195157,2.093674421310425,-1.534080982208252,0.9662895798683167,-15,-0.014786823652684689,0
261,1733320190.683195157,3.2719357013702393,-1.4361093044281006,-0.7908973693847656,-17,-0.019554486498236656,0
262,1733320190.734156251,2.1090457439422607,-1.542393684387207,0.9751567840576172,-16,0.00725463405251503,0
262,1733320190.734156251,2.9408531188964844,-1.3103108406066895,1.4089438915252686,-2,-0.0006697497447021306,0
262,1733320190.734156251,3.2782609462738037,-1.439544677734375,-0.7923919558525085,-17,0.016595568507909775,0
263,1733320190.785866244,2.9412999153137207,-1.3095412254333496,1.410151481628418,-1,0.0014719823375344276,0
263,1733320190.785866244,3.2743380069732666,-1.4380358457565308,-0.7921138405799866,-17,-0.014357858337461948,0
264,1733320190.833881730,3.2777130603790283,-1.4382563829421997,-0.7932834625244141,-17,0.018105773255228996,0
264,1733320190.833881730,6.871497631072998,-2.7298526763916016,3.2467846870422363,-13,0.02547929808497429,0
265,1733320190.883799851,2.1353440284729004,-1.5609298944473267,0.9860340356826782,-15,0.013798783533275127,0
265,1733320190.883799851,2.939605474472046,-1.3108595609664917,1.4086443185806274,-1,0.002150986809283495,0
265,1733320190.883799851,3.279660940170288,-1.440565824508667,-0.7926732897758484,-17,-0.013497130014002323,0
266,1733320190.935432844,2.938681125640869,-1.3078198432922363,1.4079358577728271,-1,0.00021660253696609288,0
266,1733320190.935432844,3.2767834663391113,-1.438547968864441,-0.7922829985618591,-17,0.01610945165157318,0
267,1733320190.983716387,2.1041789054870605,-1.5385222434997559,0.9705752730369568,-16,-0.010042155161499977,0
267,1733320190.983716387,2.939265489578247,-1.3107080459594727,1.4094948768615723,-1,0.0022983995731920004,0
267,1733320190.983716387,3.27437424659729,-1.4367913007736206,-0.7915453910827637,-17,-0.017190879210829735,0
268,1733320191.33831705,2.9373538494110107,-1.3100923299789429,1.408215045928955,-1,0.0009586568339727819,0
268,1733320191.33831705,3.2737109661102295,-1.437546730041504,-0.7912921905517578,-17,0.019498834386467934,0
269,1733320191.85678406,3.2692277431488037,-1.433815836906433,-0.7901445627212524,-17,-0.017470698803663254,0
270,1733320191.133834731,2.9393022060394287,-1.309551477432251,1.4083404541015625,-1,-0.0005624472396448255,0
270,1733320191.133834731,3.2718536853790283,-1.436001181602478,-0.7909641861915588,-17,0.020438814535737038,0
270,1733320191.133834731,123.46588897705078,-178.17266845703125,14.871024131774902,11,-24.080150604248047,0
271,1733320191.184255161,2.109630584716797,-1.545462965965271,0.9745086431503296,-15,-0.005538287106901407,0
271,1733320191.184255161,2.940911293029785,-1.3109358549118042,1.4093317985534668,-1,0.0016233541537076235,0
271,1733320191.184255161,3.274900197982788,-1.4372429847717285,-0.7912271618843079,-17,-0.015677956864237785,0
272,1733320191.236037536,2.1000633239746094,-1.5397709608078003,0.9708008170127869,-16,0.008234466426074505,0
272,1733320191.236037536,2.940279483795166,-1.3113856315612793,1.4098690748214722,-1,-0.0009407656616531312,0
272,1733320191.236037536,3.274822473526001,-1.4375628232955933,-0.7918443083763123,-17,0.016316749155521393,0
272,1733320191.236037536,237.46087646484375,-18.35186767578125,-6.378454685211182,-11,17.884929656982422,0
